DealNumber,CustomerName,DealershipName,Vehicle,Price,Date
5132,Rahima Skinner,Seven Star Dealership,2009 Lamborghini Gallardo Carbon Fiber LP-560,"169,900",1/14/2018
5268,Naseem Snow,"Scott Toronto Dealership, Inc",2018 BMW M760Li Xdrive Sedan,"177,608",1/21/2018
5545,�lie Boutroux,Horseallen Cars,2018 Lexus LS 500h ,"164,810",2/5/2018
5765,Storm William,Mythicgarcia Dealership LTDA,2018 Mercedes-Benz S-Class Cabriolet,"189,693",3/22/2018
5465,S�gol�ne L�mery,Richaremus Jafur Dealer,2017 Chevrolet Corvette Z06,"132,925",3/4/2018
5890,Ronnie Griffiths,Cheruharrison Auto,2018 Nissan GT-R Premium,"147,018",4/8/2018
5812,Anwar Hoffman,"Legowart Kingorty, Ltd.",2018 Jeep Grand Cherokee Trackhawk,"130,936",5/11/2018
5298,Jakob Osborn,Coreen Dealership,2017 Dodge Viper New Car ACR,"229,998",6/11/2018
5469,Milli Fulton,Sun of Saskatoon,2017 Ferrari 488 Spider,"429,987",6/19/2018
5712,Donald Waters,Milton Jeep Limited,2018 Jeep Grand Cherokee Trackhawk,"135,500",6/21/2018
5795,Aroush Knapp,Maxwell & Junior,2016 Porsche 911 2dr Cpe GT3 RS,"289,900",6/7/2018
5212,Richard Spencer,Milton Jeep Limited,2018 Jeep Grand Cherokee Trackhawk,"134,599",7/13/2018
5359,Maxine Daniels,Saskatoon Ferrari,2017 Ferrari 488 Spider,"419,955",7/15/2018
5469,Milli Fulton,Sun of Saskatoon,2017 Ferrari 488 Spider,"429,987",8/19/2018
5712,Donald Waters,Milton Jeep Limited,2018 Jeep Grand Cherokee Trackhawk,"135,500",9/21/2018
5795,Aroush Knapp,Maxwell & Junior,2016 Porsche 911 2dr Cpe GT3 RS,"289,900",10/7/2018
5212,Richard Spencer,Milton Jeep Limited,2018 Jeep Grand Cherokee Trackhawk,"134,599",11/13/2018
5359,Maxine Daniels,Saskatoon Ferrari,2017 Ferrari 488 Spider,"419,955",12/15/2018
